,fw passes,fw per steps,bw passes,bw per steps
sa-SLS,378370.5,4.042419871794872,93600.0,1.0
l-SLS,378102.75,4.039559294871795,93600.0,1.0
Sgd Armijo,188608.25,2.015045405982906,93600.0,1.0
